reference_number,gazetted_name,alias_local_name,waterbody_type,waterbody_id_identifier,watershed_code_45_digit,twc_number,reach_number,site_number,survey_date,utm_method,utm_zone,utm_easting,utm_northing,no_visible_channel,dewatered_dry_int_channel
1,Tributary to Parsnip River,125231_us_ef1,stream,,,,,,45166,geographic information system (GIS),10,549966,6065156,visible channel,
2,Tributary to Parsnip River,125231_us_ef2,stream,,,,,,45166,geographic information system (GIS),10,549972,6065176,visible channel,
3,Tributary to Parsnip river,125231_us_ef3,stream,,,,,,45166,geographic information system (GIS),10,549972,6065197,visible channel,
4,Tributary to Parsnip River,125231_ds_ef1,stream,,,,,,45166,geographic information system (GIS),10,549903,6065094,visible channel,
5,Tributary to Parsnip River,125231_ds_ef2,stream,,,,,,45166,geographic information system (GIS),10,549918,6065095,visible channel,
6,Tributary to Parsnip River,125231_ds_ef3,stream,,,,,,45166,geographic information system (GIS),10,549925,6065097,visible channel,
7,Fern Creek,125261_ds_ef1,stream,,,,,,45167,geographic information system (GIS),10,534620,6067691,visible channel,
8,Fern Creek,125261_ds_ef2,stream,,,,,,45167,geographic information system (GIS),10,534607,6067718,visible channel,
9,Fern Creek,125261_ds_ef3,stream,,,,,,45167,geographic information system (GIS),10,534591,6067743,visible channel,
10,Fern Creek,125261_us_ef1,stream,,,,,,45167,geographic information system (GIS),10,534638,6067823,visible channel,
11,Fern Creek,125261_us_ef2,stream,,,,,,45167,geographic information system (GIS),10,534633,6067840,visible channel,
12,Fern Creek,125261_us_ef3,stream,,,,,,45167,geographic information system (GIS),10,534628,6067852,visible channel,
13,Tributary to McLeod Lake,2200799_us,stream,,,,,,45169,geographic information system (GIS),10,499086,6094099,visible channel,
14,Tributary to McLeod Lake,2200799_ds,stream,,,,,,45169,geographic information system (GIS),10,498977,6094004,visible channel,
15,42 Mile Creek,3700024_us,stream,,,,,,45170,geographic information system (GIS),10,510959,6072481,visible channel,
16,42 Mile Creek,3700024_ds,stream,,,,,,45170,geographic information system (GIS),10,510791,6072377,visible channel,
17,Tributary to Altezega Creek,3703459_us,stream,,,,,,45171,geographic information system (GIS),10,513786,6067308,visible channel,
18,Tributary to Altezega Creek,3703459_ds,stream,,,,,,45171,geographic information system (GIS),10,513634,6067243,visible channel,
19,Tributary to McLeod Lake,2200002_us,stream,,,,,,45169,geographic information system (GIS),10,498001,6093546,visible channel,
20,Tributary to McLeod Lake,2200002_ds,stream,,,,,,45169,geographic information system (GIS),10,497761,6093679,visible channel,
21,,,,,,,,,,,,,,visible channel,
22,,,,,,,,,,,,,,visible channel,
23,,,,,,,,,,,,,,visible channel,
24,,,,,,,,,,,,,,visible channel,
25,,,,,,,,,,,,,,visible channel,
26,,,,,,,,,,,,,,visible channel,
27,,,,,,,,,,,,,,visible channel,
28,,,,,,,,,,,,,,visible channel,
29,,,,,,,,,,,,,,visible channel,
30,,,,,,,,,,,,,,visible channel,
31,,,,,,,,,,,,,,visible channel,
32,,,,,,,,,,,,,,visible channel,
33,,,,,,,,,,,,,,visible channel,
34,,,,,,,,,,,,,,visible channel,
35,,,,,,,,,,,,,,visible channel,
36,,,,,,,,,,,,,,visible channel,
37,,,,,,,,,,,,,,visible channel,
38,,,,,,,,,,,,,,visible channel,
39,,,,,,,,,,,,,,visible channel,
40,,,,,,,,,,,,,,visible channel,
41,,,,,,,,,,,,,,visible channel,
42,,,,,,,,,,,,,,visible channel,
43,,,,,,,,,,,,,,visible channel,
44,,,,,,,,,,,,,,visible channel,
45,,,,,,,,,,,,,,visible channel,
46,,,,,,,,,,,,,,visible channel,
47,,,,,,,,,,,,,,visible channel,
48,,,,,,,,,,,,,,visible channel,
49,,,,,,,,,,,,,,visible channel,
50,,,,,,,,,,,,,,visible channel,
51,,,,,,,,,,,,,,visible channel,
52,,,,,,,,,,,,,,visible channel,
53,,,,,,,,,,,,,,visible channel,
54,,,,,,,,,,,,,,visible channel,
55,,,,,,,,,,,,,,visible channel,
56,,,,,,,,,,,,,,visible channel,
57,,,,,,,,,,,,,,visible channel,
58,,,,,,,,,,,,,,visible channel,
59,,,,,,,,,,,,,,visible channel,
60,,,,,,,,,,,,,,visible channel,
61,,,,,,,,,,,,,,visible channel,
62,,,,,,,,,,,,,,visible channel,
63,,,,,,,,,,,,,,visible channel,
64,,,,,,,,,,,,,,visible channel,
65,,,,,,,,,,,,,,visible channel,
66,,,,,,,,,,,,,,visible channel,
67,,,,,,,,,,,,,,visible channel,
68,,,,,,,,,,,,,,visible channel,
69,,,,,,,,,,,,,,visible channel,
70,,,,,,,,,,,,,,visible channel,
71,,,,,,,,,,,,,,visible channel,
72,,,,,,,,,,,,,,visible channel,
73,,,,,,,,,,,,,,visible channel,
74,,,,,,,,,,,,,,visible channel,
75,,,,,,,,,,,,,,visible channel,
76,,,,,,,,,,,,,,visible channel,
77,,,,,,,,,,,,,,visible channel,
78,,,,,,,,,,,,,,visible channel,
79,,,,,,,,,,,,,,visible channel,
80,,,,,,,,,,,,,,visible channel,
81,,,,,,,,,,,,,,visible channel,
82,,,,,,,,,,,,,,visible channel,
83,,,,,,,,,,,,,,visible channel,
84,,,,,,,,,,,,,,visible channel,
85,,,,,,,,,,,,,,visible channel,
86,,,,,,,,,,,,,,visible channel,
87,,,,,,,,,,,,,,visible channel,
88,,,,,,,,,,,,,,visible channel,
89,,,,,,,,,,,,,,visible channel,
90,,,,,,,,,,,,,,visible channel,
91,,,,,,,,,,,,,,visible channel,
92,,,,,,,,,,,,,,visible channel,
93,,,,,,,,,,,,,,visible channel,
94,,,,,,,,,,,,,,visible channel,
95,,,,,,,,,,,,,,visible channel,
96,,,,,,,,,,,,,,visible channel,
97,,,,,,,,,,,,,,visible channel,
98,,,,,,,,,,,,,,visible channel,
99,,,,,,,,,,,,,,visible channel,
100,,,,,,,,,,,,,,visible channel,
101,,,,,,,,,,,,,,visible channel,
102,,,,,,,,,,,,,,visible channel,
103,,,,,,,,,,,,,,visible channel,
104,,,,,,,,,,,,,,visible channel,
105,,,,,,,,,,,,,,visible channel,
106,,,,,,,,,,,,,,visible channel,
107,,,,,,,,,,,,,,visible channel,
108,,,,,,,,,,,,,,visible channel,
109,,,,,,,,,,,,,,visible channel,
110,,,,,,,,,,,,,,visible channel,
111,,,,,,,,,,,,,,visible channel,
112,,,,,,,,,,,,,,visible channel,
113,,,,,,,,,,,,,,visible channel,
114,,,,,,,,,,,,,,visible channel,
115,,,,,,,,,,,,,,visible channel,
116,,,,,,,,,,,,,,visible channel,
117,,,,,,,,,,,,,,visible channel,
118,,,,,,,,,,,,,,visible channel,
119,,,,,,,,,,,,,,visible channel,
120,,,,,,,,,,,,,,visible channel,
121,,,,,,,,,,,,,,visible channel,
122,,,,,,,,,,,,,,visible channel,
123,,,,,,,,,,,,,,visible channel,
124,,,,,,,,,,,,,,visible channel,
125,,,,,,,,,,,,,,visible channel,
126,,,,,,,,,,,,,,visible channel,
127,,,,,,,,,,,,,,visible channel,
128,,,,,,,,,,,,,,visible channel,
129,,,,,,,,,,,,,,visible channel,
130,,,,,,,,,,,,,,visible channel,
131,,,,,,,,,,,,,,visible channel,
132,,,,,,,,,,,,,,visible channel,
133,,,,,,,,,,,,,,visible channel,
134,,,,,,,,,,,,,,visible channel,
135,,,,,,,,,,,,,,visible channel,
136,,,,,,,,,,,,,,visible channel,
137,,,,,,,,,,,,,,visible channel,
138,,,,,,,,,,,,,,visible channel,
139,,,,,,,,,,,,,,visible channel,
140,,,,,,,,,,,,,,visible channel,
141,,,,,,,,,,,,,,visible channel,
142,,,,,,,,,,,,,,visible channel,
143,,,,,,,,,,,,,,visible channel,
144,,,,,,,,,,,,,,visible channel,
145,,,,,,,,,,,,,,visible channel,
146,,,,,,,,,,,,,,visible channel,
147,,,,,,,,,,,,,,visible channel,
148,,,,,,,,,,,,,,visible channel,
149,,,,,,,,,,,,,,visible channel,
150,,,,,,,,,,,,,,visible channel,
151,,,,,,,,,,,,,,visible channel,
152,,,,,,,,,,,,,,visible channel,
153,,,,,,,,,,,,,,visible channel,
154,,,,,,,,,,,,,,visible channel,
155,,,,,,,,,,,,,,visible channel,
156,,,,,,,,,,,,,,visible channel,
157,,,,,,,,,,,,,,visible channel,
158,,,,,,,,,,,,,,visible channel,
159,,,,,,,,,,,,,,visible channel,
160,,,,,,,,,,,,,,visible channel,
161,,,,,,,,,,,,,,visible channel,
162,,,,,,,,,,,,,,visible channel,
163,,,,,,,,,,,,,,visible channel,
164,,,,,,,,,,,,,,visible channel,
165,,,,,,,,,,,,,,visible channel,
166,,,,,,,,,,,,,,visible channel,
167,,,,,,,,,,,,,,visible channel,
168,,,,,,,,,,,,,,visible channel,
169,,,,,,,,,,,,,,visible channel,
170,,,,,,,,,,,,,,visible channel,
171,,,,,,,,,,,,,,visible channel,
172,,,,,,,,,,,,,,visible channel,
173,,,,,,,,,,,,,,visible channel,
174,,,,,,,,,,,,,,visible channel,
175,,,,,,,,,,,,,,visible channel,
176,,,,,,,,,,,,,,visible channel,
177,,,,,,,,,,,,,,visible channel,
178,,,,,,,,,,,,,,visible channel,
179,,,,,,,,,,,,,,visible channel,
180,,,,,,,,,,,,,,visible channel,
181,,,,,,,,,,,,,,visible channel,
182,,,,,,,,,,,,,,visible channel,
183,,,,,,,,,,,,,,visible channel,
184,,,,,,,,,,,,,,visible channel,
185,,,,,,,,,,,,,,visible channel,
186,,,,,,,,,,,,,,visible channel,
187,,,,,,,,,,,,,,visible channel,
188,,,,,,,,,,,,,,visible channel,
189,,,,,,,,,,,,,,visible channel,
190,,,,,,,,,,,,,,visible channel,
191,,,,,,,,,,,,,,visible channel,
192,,,,,,,,,,,,,,visible channel,
193,,,,,,,,,,,,,,visible channel,
194,,,,,,,,,,,,,,visible channel,
195,,,,,,,,,,,,,,visible channel,
196,,,,,,,,,,,,,,visible channel,
197,,,,,,,,,,,,,,visible channel,
198,,,,,,,,,,,,,,visible channel,
199,,,,,,,,,,,,,,visible channel,
200,,,,,,,,,,,,,,visible channel,
201,,,,,,,,,,,,,,visible channel,
202,,,,,,,,,,,,,,visible channel,
203,,,,,,,,,,,,,,visible channel,
204,,,,,,,,,,,,,,visible channel,
205,,,,,,,,,,,,,,visible channel,
206,,,,,,,,,,,,,,visible channel,
207,,,,,,,,,,,,,,visible channel,
208,,,,,,,,,,,,,,visible channel,
209,,,,,,,,,,,,,,visible channel,
210,,,,,,,,,,,,,,visible channel,
211,,,,,,,,,,,,,,visible channel,
212,,,,,,,,,,,,,,visible channel,
213,,,,,,,,,,,,,,visible channel,
214,,,,,,,,,,,,,,visible channel,
215,,,,,,,,,,,,,,visible channel,
216,,,,,,,,,,,,,,visible channel,
217,,,,,,,,,,,,,,visible channel,
218,,,,,,,,,,,,,,visible channel,
219,,,,,,,,,,,,,,visible channel,
220,,,,,,,,,,,,,,visible channel,
221,,,,,,,,,,,,,,visible channel,
222,,,,,,,,,,,,,,visible channel,
223,,,,,,,,,,,,,,visible channel,
224,,,,,,,,,,,,,,visible channel,
225,,,,,,,,,,,,,,visible channel,
226,,,,,,,,,,,,,,visible channel,
227,,,,,,,,,,,,,,visible channel,
228,,,,,,,,,,,,,,visible channel,
229,,,,,,,,,,,,,,visible channel,
230,,,,,,,,,,,,,,visible channel,
231,,,,,,,,,,,,,,visible channel,
232,,,,,,,,,,,,,,visible channel,
233,,,,,,,,,,,,,,visible channel,
234,,,,,,,,,,,,,,visible channel,
235,,,,,,,,,,,,,,visible channel,
236,,,,,,,,,,,,,,visible channel,
237,,,,,,,,,,,,,,visible channel,
238,,,,,,,,,,,,,,visible channel,
239,,,,,,,,,,,,,,visible channel,
240,,,,,,,,,,,,,,visible channel,
241,,,,,,,,,,,,,,visible channel,
242,,,,,,,,,,,,,,visible channel,
243,,,,,,,,,,,,,,visible channel,
244,,,,,,,,,,,,,,visible channel,
245,,,,,,,,,,,,,,visible channel,
246,,,,,,,,,,,,,,visible channel,
247,,,,,,,,,,,,,,visible channel,
248,,,,,,,,,,,,,,visible channel,
249,,,,,,,,,,,,,,visible channel,
250,,,,,,,,,,,,,,visible channel,
251,,,,,,,,,,,,,,visible channel,
252,,,,,,,,,,,,,,visible channel,
253,,,,,,,,,,,,,,visible channel,
254,,,,,,,,,,,,,,visible channel,
255,,,,,,,,,,,,,,visible channel,
256,,,,,,,,,,,,,,visible channel,
257,,,,,,,,,,,,,,visible channel,
258,,,,,,,,,,,,,,visible channel,
259,,,,,,,,,,,,,,visible channel,
260,,,,,,,,,,,,,,visible channel,
261,,,,,,,,,,,,,,visible channel,
262,,,,,,,,,,,,,,visible channel,
263,,,,,,,,,,,,,,visible channel,
264,,,,,,,,,,,,,,visible channel,
265,,,,,,,,,,,,,,visible channel,
266,,,,,,,,,,,,,,visible channel,
267,,,,,,,,,,,,,,visible channel,
268,,,,,,,,,,,,,,visible channel,
269,,,,,,,,,,,,,,visible channel,
270,,,,,,,,,,,,,,visible channel,
271,,,,,,,,,,,,,,visible channel,
272,,,,,,,,,,,,,,visible channel,
273,,,,,,,,,,,,,,visible channel,
274,,,,,,,,,,,,,,visible channel,
275,,,,,,,,,,,,,,visible channel,
276,,,,,,,,,,,,,,visible channel,
277,,,,,,,,,,,,,,visible channel,
278,,,,,,,,,,,,,,visible channel,
279,,,,,,,,,,,,,,visible channel,
280,,,,,,,,,,,,,,visible channel,
281,,,,,,,,,,,,,,visible channel,
282,,,,,,,,,,,,,,visible channel,
283,,,,,,,,,,,,,,visible channel,
284,,,,,,,,,,,,,,visible channel,
285,,,,,,,,,,,,,,visible channel,
286,,,,,,,,,,,,,,visible channel,
287,,,,,,,,,,,,,,visible channel,
288,,,,,,,,,,,,,,visible channel,
289,,,,,,,,,,,,,,visible channel,
290,,,,,,,,,,,,,,visible channel,
291,,,,,,,,,,,,,,visible channel,
292,,,,,,,,,,,,,,visible channel,
293,,,,,,,,,,,,,,visible channel,
294,,,,,,,,,,,,,,visible channel,
295,,,,,,,,,,,,,,visible channel,
296,,,,,,,,,,,,,,visible channel,
297,,,,,,,,,,,,,,visible channel,
298,,,,,,,,,,,,,,visible channel,
299,,,,,,,,,,,,,,visible channel,
300,,,,,,,,,,,,,,visible channel,
301,,,,,,,,,,,,,,visible channel,
302,,,,,,,,,,,,,,visible channel,
303,,,,,,,,,,,,,,visible channel,
304,,,,,,,,,,,,,,visible channel,
305,,,,,,,,,,,,,,visible channel,
306,,,,,,,,,,,,,,visible channel,
307,,,,,,,,,,,,,,visible channel,
308,,,,,,,,,,,,,,visible channel,
309,,,,,,,,,,,,,,visible channel,
310,,,,,,,,,,,,,,visible channel,
311,,,,,,,,,,,,,,visible channel,
312,,,,,,,,,,,,,,visible channel,
313,,,,,,,,,,,,,,visible channel,
314,,,,,,,,,,,,,,visible channel,
315,,,,,,,,,,,,,,visible channel,
316,,,,,,,,,,,,,,visible channel,
317,,,,,,,,,,,,,,visible channel,
318,,,,,,,,,,,,,,visible channel,
319,,,,,,,,,,,,,,visible channel,
320,,,,,,,,,,,,,,visible channel,
321,,,,,,,,,,,,,,visible channel,
322,,,,,,,,,,,,,,visible channel,
323,,,,,,,,,,,,,,visible channel,
324,,,,,,,,,,,,,,visible channel,
325,,,,,,,,,,,,,,visible channel,
326,,,,,,,,,,,,,,visible channel,
327,,,,,,,,,,,,,,visible channel,
328,,,,,,,,,,,,,,visible channel,
329,,,,,,,,,,,,,,visible channel,
330,,,,,,,,,,,,,,visible channel,
331,,,,,,,,,,,,,,visible channel,
332,,,,,,,,,,,,,,visible channel,
333,,,,,,,,,,,,,,visible channel,
334,,,,,,,,,,,,,,visible channel,
335,,,,,,,,,,,,,,visible channel,
336,,,,,,,,,,,,,,visible channel,
337,,,,,,,,,,,,,,visible channel,
338,,,,,,,,,,,,,,visible channel,
339,,,,,,,,,,,,,,visible channel,
340,,,,,,,,,,,,,,visible channel,
341,,,,,,,,,,,,,,visible channel,
342,,,,,,,,,,,,,,visible channel,
343,,,,,,,,,,,,,,visible channel,
344,,,,,,,,,,,,,,visible channel,
345,,,,,,,,,,,,,,visible channel,
346,,,,,,,,,,,,,,visible channel,
347,,,,,,,,,,,,,,visible channel,
348,,,,,,,,,,,,,,visible channel,
349,,,,,,,,,,,,,,visible channel,
350,,,,,,,,,,,,,,visible channel,
351,,,,,,,,,,,,,,visible channel,
352,,,,,,,,,,,,,,visible channel,
353,,,,,,,,,,,,,,visible channel,
354,,,,,,,,,,,,,,visible channel,
355,,,,,,,,,,,,,,visible channel,
356,,,,,,,,,,,,,,visible channel,
357,,,,,,,,,,,,,,visible channel,
358,,,,,,,,,,,,,,visible channel,
359,,,,,,,,,,,,,,visible channel,
360,,,,,,,,,,,,,,visible channel,
361,,,,,,,,,,,,,,visible channel,
362,,,,,,,,,,,,,,visible channel,
363,,,,,,,,,,,,,,visible channel,
364,,,,,,,,,,,,,,visible channel,
365,,,,,,,,,,,,,,visible channel,
366,,,,,,,,,,,,,,visible channel,
367,,,,,,,,,,,,,,visible channel,
368,,,,,,,,,,,,,,visible channel,
369,,,,,,,,,,,,,,visible channel,
370,,,,,,,,,,,,,,visible channel,
371,,,,,,,,,,,,,,visible channel,
372,,,,,,,,,,,,,,visible channel,
373,,,,,,,,,,,,,,visible channel,
374,,,,,,,,,,,,,,visible channel,
375,,,,,,,,,,,,,,visible channel,
376,,,,,,,,,,,,,,visible channel,
377,,,,,,,,,,,,,,visible channel,
378,,,,,,,,,,,,,,visible channel,
379,,,,,,,,,,,,,,visible channel,
380,,,,,,,,,,,,,,visible channel,
381,,,,,,,,,,,,,,visible channel,
382,,,,,,,,,,,,,,visible channel,
383,,,,,,,,,,,,,,visible channel,
384,,,,,,,,,,,,,,visible channel,
385,,,,,,,,,,,,,,visible channel,
386,,,,,,,,,,,,,,visible channel,
387,,,,,,,,,,,,,,visible channel,
388,,,,,,,,,,,,,,visible channel,
389,,,,,,,,,,,,,,visible channel,
390,,,,,,,,,,,,,,visible channel,
391,,,,,,,,,,,,,,visible channel,
392,,,,,,,,,,,,,,visible channel,
393,,,,,,,,,,,,,,visible channel,
394,,,,,,,,,,,,,,visible channel,
395,,,,,,,,,,,,,,visible channel,
396,,,,,,,,,,,,,,visible channel,
397,,,,,,,,,,,,,,visible channel,
398,,,,,,,,,,,,,,visible channel,
399,,,,,,,,,,,,,,visible channel,
400,,,,,,,,,,,,,,visible channel,
401,,,,,,,,,,,,,,visible channel,
402,,,,,,,,,,,,,,visible channel,
403,,,,,,,,,,,,,,visible channel,
404,,,,,,,,,,,,,,visible channel,
405,,,,,,,,,,,,,,visible channel,
406,,,,,,,,,,,,,,visible channel,
407,,,,,,,,,,,,,,visible channel,
408,,,,,,,,,,,,,,visible channel,
409,,,,,,,,,,,,,,visible channel,
410,,,,,,,,,,,,,,visible channel,
411,,,,,,,,,,,,,,visible channel,
412,,,,,,,,,,,,,,visible channel,
413,,,,,,,,,,,,,,visible channel,
414,,,,,,,,,,,,,,visible channel,
415,,,,,,,,,,,,,,visible channel,
416,,,,,,,,,,,,,,visible channel,
417,,,,,,,,,,,,,,visible channel,
418,,,,,,,,,,,,,,visible channel,
419,,,,,,,,,,,,,,visible channel,
420,,,,,,,,,,,,,,visible channel,
421,,,,,,,,,,,,,,visible channel,
422,,,,,,,,,,,,,,visible channel,
423,,,,,,,,,,,,,,visible channel,
424,,,,,,,,,,,,,,visible channel,
425,,,,,,,,,,,,,,visible channel,
426,,,,,,,,,,,,,,visible channel,
427,,,,,,,,,,,,,,visible channel,
428,,,,,,,,,,,,,,visible channel,
429,,,,,,,,,,,,,,visible channel,
430,,,,,,,,,,,,,,visible channel,
431,,,,,,,,,,,,,,visible channel,
432,,,,,,,,,,,,,,visible channel,
433,,,,,,,,,,,,,,visible channel,
434,,,,,,,,,,,,,,visible channel,
435,,,,,,,,,,,,,,visible channel,
436,,,,,,,,,,,,,,visible channel,
437,,,,,,,,,,,,,,visible channel,
438,,,,,,,,,,,,,,visible channel,
439,,,,,,,,,,,,,,visible channel,
440,,,,,,,,,,,,,,visible channel,
441,,,,,,,,,,,,,,visible channel,
442,,,,,,,,,,,,,,visible channel,
443,,,,,,,,,,,,,,visible channel,
444,,,,,,,,,,,,,,visible channel,
445,,,,,,,,,,,,,,visible channel,
446,,,,,,,,,,,,,,visible channel,
447,,,,,,,,,,,,,,visible channel,
448,,,,,,,,,,,,,,visible channel,
449,,,,,,,,,,,,,,visible channel,
450,,,,,,,,,,,,,,visible channel,
451,,,,,,,,,,,,,,visible channel,
452,,,,,,,,,,,,,,visible channel,
453,,,,,,,,,,,,,,visible channel,
454,,,,,,,,,,,,,,visible channel,
455,,,,,,,,,,,,,,visible channel,
456,,,,,,,,,,,,,,visible channel,
457,,,,,,,,,,,,,,visible channel,
458,,,,,,,,,,,,,,visible channel,
459,,,,,,,,,,,,,,visible channel,
460,,,,,,,,,,,,,,visible channel,
461,,,,,,,,,,,,,,visible channel,
462,,,,,,,,,,,,,,visible channel,
463,,,,,,,,,,,,,,visible channel,
464,,,,,,,,,,,,,,visible channel,
465,,,,,,,,,,,,,,visible channel,
466,,,,,,,,,,,,,,visible channel,
467,,,,,,,,,,,,,,visible channel,
468,,,,,,,,,,,,,,visible channel,
469,,,,,,,,,,,,,,visible channel,
470,,,,,,,,,,,,,,visible channel,
471,,,,,,,,,,,,,,visible channel,
472,,,,,,,,,,,,,,visible channel,
473,,,,,,,,,,,,,,visible channel,
474,,,,,,,,,,,,,,visible channel,
475,,,,,,,,,,,,,,visible channel,
476,,,,,,,,,,,,,,visible channel,
477,,,,,,,,,,,,,,visible channel,
478,,,,,,,,,,,,,,visible channel,
479,,,,,,,,,,,,,,visible channel,
480,,,,,,,,,,,,,,visible channel,
481,,,,,,,,,,,,,,visible channel,
482,,,,,,,,,,,,,,visible channel,
483,,,,,,,,,,,,,,visible channel,
484,,,,,,,,,,,,,,visible channel,
485,,,,,,,,,,,,,,visible channel,
486,,,,,,,,,,,,,,visible channel,
487,,,,,,,,,,,,,,visible channel,
488,,,,,,,,,,,,,,visible channel,
489,,,,,,,,,,,,,,visible channel,
490,,,,,,,,,,,,,,visible channel,
491,,,,,,,,,,,,,,visible channel,
492,,,,,,,,,,,,,,visible channel,
493,,,,,,,,,,,,,,visible channel,
494,,,,,,,,,,,,,,visible channel,
495,,,,,,,,,,,,,,visible channel,
496,,,,,,,,,,,,,,visible channel,
497,,,,,,,,,,,,,,visible channel,
498,,,,,,,,,,,,,,visible channel,
499,,,,,,,,,,,,,,visible channel,
500,,,,,,,,,,,,,,visible channel,
501,,,,,,,,,,,,,,visible channel,
502,,,,,,,,,,,,,,visible channel,
503,,,,,,,,,,,,,,visible channel,
504,,,,,,,,,,,,,,visible channel,
505,,,,,,,,,,,,,,visible channel,
506,,,,,,,,,,,,,,visible channel,
507,,,,,,,,,,,,,,visible channel,
508,,,,,,,,,,,,,,visible channel,
509,,,,,,,,,,,,,,visible channel,
510,,,,,,,,,,,,,,visible channel,
511,,,,,,,,,,,,,,visible channel,
512,,,,,,,,,,,,,,visible channel,
513,,,,,,,,,,,,,,visible channel,
514,,,,,,,,,,,,,,visible channel,
515,,,,,,,,,,,,,,visible channel,
516,,,,,,,,,,,,,,visible channel,
517,,,,,,,,,,,,,,visible channel,
518,,,,,,,,,,,,,,visible channel,
519,,,,,,,,,,,,,,visible channel,
520,,,,,,,,,,,,,,visible channel,
521,,,,,,,,,,,,,,visible channel,
522,,,,,,,,,,,,,,visible channel,
523,,,,,,,,,,,,,,visible channel,
524,,,,,,,,,,,,,,visible channel,
525,,,,,,,,,,,,,,visible channel,
526,,,,,,,,,,,,,,visible channel,
527,,,,,,,,,,,,,,visible channel,
528,,,,,,,,,,,,,,visible channel,
529,,,,,,,,,,,,,,visible channel,
530,,,,,,,,,,,,,,visible channel,
531,,,,,,,,,,,,,,visible channel,
532,,,,,,,,,,,,,,visible channel,
533,,,,,,,,,,,,,,visible channel,
534,,,,,,,,,,,,,,visible channel,
535,,,,,,,,,,,,,,visible channel,
536,,,,,,,,,,,,,,visible channel,
537,,,,,,,,,,,,,,visible channel,
538,,,,,,,,,,,,,,visible channel,
539,,,,,,,,,,,,,,visible channel,
540,,,,,,,,,,,,,,visible channel,
541,,,,,,,,,,,,,,visible channel,
542,,,,,,,,,,,,,,visible channel,
543,,,,,,,,,,,,,,visible channel,
544,,,,,,,,,,,,,,visible channel,
545,,,,,,,,,,,,,,visible channel,
546,,,,,,,,,,,,,,visible channel,
547,,,,,,,,,,,,,,visible channel,
548,,,,,,,,,,,,,,visible channel,
549,,,,,,,,,,,,,,visible channel,
550,,,,,,,,,,,,,,visible channel,
551,,,,,,,,,,,,,,visible channel,
552,,,,,,,,,,,,,,visible channel,
553,,,,,,,,,,,,,,visible channel,
554,,,,,,,,,,,,,,visible channel,
555,,,,,,,,,,,,,,visible channel,
556,,,,,,,,,,,,,,visible channel,
557,,,,,,,,,,,,,,visible channel,
558,,,,,,,,,,,,,,visible channel,
559,,,,,,,,,,,,,,visible channel,
560,,,,,,,,,,,,,,visible channel,
561,,,,,,,,,,,,,,visible channel,
562,,,,,,,,,,,,,,visible channel,
563,,,,,,,,,,,,,,visible channel,
564,,,,,,,,,,,,,,visible channel,
565,,,,,,,,,,,,,,visible channel,
566,,,,,,,,,,,,,,visible channel,
567,,,,,,,,,,,,,,visible channel,
568,,,,,,,,,,,,,,visible channel,
569,,,,,,,,,,,,,,visible channel,
570,,,,,,,,,,,,,,visible channel,
571,,,,,,,,,,,,,,visible channel,
572,,,,,,,,,,,,,,visible channel,
573,,,,,,,,,,,,,,visible channel,
574,,,,,,,,,,,,,,visible channel,
575,,,,,,,,,,,,,,visible channel,
576,,,,,,,,,,,,,,visible channel,
577,,,,,,,,,,,,,,visible channel,
578,,,,,,,,,,,,,,visible channel,
579,,,,,,,,,,,,,,visible channel,
580,,,,,,,,,,,,,,visible channel,
581,,,,,,,,,,,,,,visible channel,
582,,,,,,,,,,,,,,visible channel,
583,,,,,,,,,,,,,,visible channel,
584,,,,,,,,,,,,,,visible channel,
585,,,,,,,,,,,,,,visible channel,
586,,,,,,,,,,,,,,visible channel,
587,,,,,,,,,,,,,,visible channel,
588,,,,,,,,,,,,,,visible channel,
589,,,,,,,,,,,,,,visible channel,
590,,,,,,,,,,,,,,visible channel,
591,,,,,,,,,,,,,,visible channel,
592,,,,,,,,,,,,,,visible channel,
593,,,,,,,,,,,,,,visible channel,
594,,,,,,,,,,,,,,visible channel,
595,,,,,,,,,,,,,,visible channel,
596,,,,,,,,,,,,,,visible channel,
597,,,,,,,,,,,,,,visible channel,
598,,,,,,,,,,,,,,visible channel,
599,,,,,,,,,,,,,,visible channel,
600,,,,,,,,,,,,,,visible channel,
601,,,,,,,,,,,,,,visible channel,
602,,,,,,,,,,,,,,visible channel,
603,,,,,,,,,,,,,,visible channel,
604,,,,,,,,,,,,,,visible channel,
605,,,,,,,,,,,,,,visible channel,
606,,,,,,,,,,,,,,visible channel,
607,,,,,,,,,,,,,,visible channel,
608,,,,,,,,,,,,,,visible channel,
609,,,,,,,,,,,,,,visible channel,
610,,,,,,,,,,,,,,visible channel,
611,,,,,,,,,,,,,,visible channel,
612,,,,,,,,,,,,,,visible channel,
613,,,,,,,,,,,,,,visible channel,
614,,,,,,,,,,,,,,visible channel,
615,,,,,,,,,,,,,,visible channel,
616,,,,,,,,,,,,,,visible channel,
617,,,,,,,,,,,,,,visible channel,
618,,,,,,,,,,,,,,visible channel,
619,,,,,,,,,,,,,,visible channel,
620,,,,,,,,,,,,,,visible channel,
621,,,,,,,,,,,,,,visible channel,
622,,,,,,,,,,,,,,visible channel,
623,,,,,,,,,,,,,,visible channel,
624,,,,,,,,,,,,,,visible channel,
625,,,,,,,,,,,,,,visible channel,
626,,,,,,,,,,,,,,visible channel,
627,,,,,,,,,,,,,,visible channel,
628,,,,,,,,,,,,,,visible channel,
629,,,,,,,,,,,,,,visible channel,
630,,,,,,,,,,,,,,visible channel,
631,,,,,,,,,,,,,,visible channel,
632,,,,,,,,,,,,,,visible channel,
633,,,,,,,,,,,,,,visible channel,
634,,,,,,,,,,,,,,visible channel,
635,,,,,,,,,,,,,,visible channel,
636,,,,,,,,,,,,,,visible channel,
637,,,,,,,,,,,,,,visible channel,
638,,,,,,,,,,,,,,visible channel,
639,,,,,,,,,,,,,,visible channel,
640,,,,,,,,,,,,,,visible channel,
641,,,,,,,,,,,,,,visible channel,
642,,,,,,,,,,,,,,visible channel,
643,,,,,,,,,,,,,,visible channel,
644,,,,,,,,,,,,,,visible channel,
645,,,,,,,,,,,,,,visible channel,
646,,,,,,,,,,,,,,visible channel,
647,,,,,,,,,,,,,,visible channel,
648,,,,,,,,,,,,,,visible channel,
649,,,,,,,,,,,,,,visible channel,
650,,,,,,,,,,,,,,visible channel,
651,,,,,,,,,,,,,,visible channel,
652,,,,,,,,,,,,,,visible channel,
653,,,,,,,,,,,,,,visible channel,
654,,,,,,,,,,,,,,visible channel,
655,,,,,,,,,,,,,,visible channel,
656,,,,,,,,,,,,,,visible channel,
657,,,,,,,,,,,,,,visible channel,
658,,,,,,,,,,,,,,visible channel,
659,,,,,,,,,,,,,,visible channel,
660,,,,,,,,,,,,,,visible channel,
661,,,,,,,,,,,,,,visible channel,
662,,,,,,,,,,,,,,visible channel,
663,,,,,,,,,,,,,,visible channel,
664,,,,,,,,,,,,,,visible channel,
665,,,,,,,,,,,,,,visible channel,
666,,,,,,,,,,,,,,visible channel,
667,,,,,,,,,,,,,,visible channel,
668,,,,,,,,,,,,,,visible channel,
669,,,,,,,,,,,,,,visible channel,
670,,,,,,,,,,,,,,visible channel,
671,,,,,,,,,,,,,,visible channel,
672,,,,,,,,,,,,,,visible channel,
673,,,,,,,,,,,,,,visible channel,
674,,,,,,,,,,,,,,visible channel,
675,,,,,,,,,,,,,,visible channel,
676,,,,,,,,,,,,,,visible channel,
677,,,,,,,,,,,,,,visible channel,
678,,,,,,,,,,,,,,visible channel,
679,,,,,,,,,,,,,,visible channel,
680,,,,,,,,,,,,,,visible channel,
681,,,,,,,,,,,,,,visible channel,
682,,,,,,,,,,,,,,visible channel,
683,,,,,,,,,,,,,,visible channel,
684,,,,,,,,,,,,,,visible channel,
685,,,,,,,,,,,,,,visible channel,
686,,,,,,,,,,,,,,visible channel,
687,,,,,,,,,,,,,,visible channel,
688,,,,,,,,,,,,,,visible channel,
689,,,,,,,,,,,,,,visible channel,
690,,,,,,,,,,,,,,visible channel,
691,,,,,,,,,,,,,,visible channel,
692,,,,,,,,,,,,,,visible channel,
693,,,,,,,,,,,,,,visible channel,
694,,,,,,,,,,,,,,visible channel,
695,,,,,,,,,,,,,,visible channel,
696,,,,,,,,,,,,,,visible channel,
697,,,,,,,,,,,,,,visible channel,
698,,,,,,,,,,,,,,visible channel,
699,,,,,,,,,,,,,,visible channel,
700,,,,,,,,,,,,,,visible channel,
701,,,,,,,,,,,,,,visible channel,
702,,,,,,,,,,,,,,visible channel,
703,,,,,,,,,,,,,,visible channel,
704,,,,,,,,,,,,,,visible channel,
705,,,,,,,,,,,,,,visible channel,
706,,,,,,,,,,,,,,visible channel,
707,,,,,,,,,,,,,,visible channel,
708,,,,,,,,,,,,,,visible channel,
709,,,,,,,,,,,,,,visible channel,
710,,,,,,,,,,,,,,visible channel,
711,,,,,,,,,,,,,,visible channel,
712,,,,,,,,,,,,,,visible channel,
713,,,,,,,,,,,,,,visible channel,
714,,,,,,,,,,,,,,visible channel,
715,,,,,,,,,,,,,,visible channel,
716,,,,,,,,,,,,,,visible channel,
717,,,,,,,,,,,,,,visible channel,
718,,,,,,,,,,,,,,visible channel,
719,,,,,,,,,,,,,,visible channel,
720,,,,,,,,,,,,,,visible channel,
721,,,,,,,,,,,,,,visible channel,
722,,,,,,,,,,,,,,visible channel,
723,,,,,,,,,,,,,,visible channel,
724,,,,,,,,,,,,,,visible channel,
725,,,,,,,,,,,,,,visible channel,
726,,,,,,,,,,,,,,visible channel,
727,,,,,,,,,,,,,,visible channel,
728,,,,,,,,,,,,,,visible channel,
729,,,,,,,,,,,,,,visible channel,
730,,,,,,,,,,,,,,visible channel,
731,,,,,,,,,,,,,,visible channel,
732,,,,,,,,,,,,,,visible channel,
733,,,,,,,,,,,,,,visible channel,
734,,,,,,,,,,,,,,visible channel,
735,,,,,,,,,,,,,,visible channel,
736,,,,,,,,,,,,,,visible channel,
737,,,,,,,,,,,,,,visible channel,
738,,,,,,,,,,,,,,visible channel,
739,,,,,,,,,,,,,,visible channel,
740,,,,,,,,,,,,,,visible channel,
741,,,,,,,,,,,,,,visible channel,
742,,,,,,,,,,,,,,visible channel,
743,,,,,,,,,,,,,,visible channel,
744,,,,,,,,,,,,,,visible channel,
745,,,,,,,,,,,,,,visible channel,
746,,,,,,,,,,,,,,visible channel,
747,,,,,,,,,,,,,,visible channel,
748,,,,,,,,,,,,,,visible channel,
749,,,,,,,,,,,,,,visible channel,
750,,,,,,,,,,,,,,visible channel,
751,,,,,,,,,,,,,,visible channel,
752,,,,,,,,,,,,,,visible channel,
753,,,,,,,,,,,,,,visible channel,
754,,,,,,,,,,,,,,visible channel,
755,,,,,,,,,,,,,,visible channel,
756,,,,,,,,,,,,,,visible channel,
757,,,,,,,,,,,,,,visible channel,
758,,,,,,,,,,,,,,visible channel,
759,,,,,,,,,,,,,,visible channel,
760,,,,,,,,,,,,,,visible channel,
761,,,,,,,,,,,,,,visible channel,
762,,,,,,,,,,,,,,visible channel,
763,,,,,,,,,,,,,,visible channel,
764,,,,,,,,,,,,,,visible channel,
765,,,,,,,,,,,,,,visible channel,
766,,,,,,,,,,,,,,visible channel,
767,,,,,,,,,,,,,,visible channel,
768,,,,,,,,,,,,,,visible channel,
769,,,,,,,,,,,,,,visible channel,
770,,,,,,,,,,,,,,visible channel,
771,,,,,,,,,,,,,,visible channel,
772,,,,,,,,,,,,,,visible channel,
773,,,,,,,,,,,,,,visible channel,
774,,,,,,,,,,,,,,visible channel,
775,,,,,,,,,,,,,,visible channel,
776,,,,,,,,,,,,,,visible channel,
777,,,,,,,,,,,,,,visible channel,
778,,,,,,,,,,,,,,visible channel,
779,,,,,,,,,,,,,,visible channel,
780,,,,,,,,,,,,,,visible channel,
781,,,,,,,,,,,,,,visible channel,
782,,,,,,,,,,,,,,visible channel,
783,,,,,,,,,,,,,,visible channel,
784,,,,,,,,,,,,,,visible channel,
785,,,,,,,,,,,,,,visible channel,
786,,,,,,,,,,,,,,visible channel,
787,,,,,,,,,,,,,,visible channel,
788,,,,,,,,,,,,,,visible channel,
789,,,,,,,,,,,,,,visible channel,
790,,,,,,,,,,,,,,visible channel,
791,,,,,,,,,,,,,,visible channel,
792,,,,,,,,,,,,,,visible channel,
793,,,,,,,,,,,,,,visible channel,
794,,,,,,,,,,,,,,visible channel,
795,,,,,,,,,,,,,,visible channel,
796,,,,,,,,,,,,,,visible channel,
797,,,,,,,,,,,,,,visible channel,
798,,,,,,,,,,,,,,visible channel,
799,,,,,,,,,,,,,,visible channel,
800,,,,,,,,,,,,,,visible channel,
801,,,,,,,,,,,,,,visible channel,
802,,,,,,,,,,,,,,visible channel,
803,,,,,,,,,,,,,,visible channel,
804,,,,,,,,,,,,,,visible channel,
805,,,,,,,,,,,,,,visible channel,
806,,,,,,,,,,,,,,visible channel,
807,,,,,,,,,,,,,,visible channel,
808,,,,,,,,,,,,,,visible channel,
809,,,,,,,,,,,,,,visible channel,
810,,,,,,,,,,,,,,visible channel,
811,,,,,,,,,,,,,,visible channel,
812,,,,,,,,,,,,,,visible channel,
813,,,,,,,,,,,,,,visible channel,
814,,,,,,,,,,,,,,visible channel,
815,,,,,,,,,,,,,,visible channel,
816,,,,,,,,,,,,,,visible channel,
817,,,,,,,,,,,,,,visible channel,
818,,,,,,,,,,,,,,visible channel,
819,,,,,,,,,,,,,,visible channel,
820,,,,,,,,,,,,,,visible channel,
821,,,,,,,,,,,,,,visible channel,
822,,,,,,,,,,,,,,visible channel,
823,,,,,,,,,,,,,,visible channel,
824,,,,,,,,,,,,,,visible channel,
825,,,,,,,,,,,,,,visible channel,
826,,,,,,,,,,,,,,visible channel,
827,,,,,,,,,,,,,,visible channel,
828,,,,,,,,,,,,,,visible channel,
829,,,,,,,,,,,,,,visible channel,
830,,,,,,,,,,,,,,visible channel,
831,,,,,,,,,,,,,,visible channel,
832,,,,,,,,,,,,,,visible channel,
833,,,,,,,,,,,,,,visible channel,
834,,,,,,,,,,,,,,visible channel,
835,,,,,,,,,,,,,,visible channel,
836,,,,,,,,,,,,,,visible channel,
837,,,,,,,,,,,,,,visible channel,
838,,,,,,,,,,,,,,visible channel,
839,,,,,,,,,,,,,,visible channel,
840,,,,,,,,,,,,,,visible channel,
841,,,,,,,,,,,,,,visible channel,
842,,,,,,,,,,,,,,visible channel,
843,,,,,,,,,,,,,,visible channel,
844,,,,,,,,,,,,,,visible channel,
845,,,,,,,,,,,,,,visible channel,
846,,,,,,,,,,,,,,visible channel,
847,,,,,,,,,,,,,,visible channel,
848,,,,,,,,,,,,,,visible channel,
849,,,,,,,,,,,,,,visible channel,
850,,,,,,,,,,,,,,visible channel,
851,,,,,,,,,,,,,,visible channel,
852,,,,,,,,,,,,,,visible channel,
853,,,,,,,,,,,,,,visible channel,
854,,,,,,,,,,,,,,visible channel,
855,,,,,,,,,,,,,,visible channel,
856,,,,,,,,,,,,,,visible channel,
857,,,,,,,,,,,,,,visible channel,
858,,,,,,,,,,,,,,visible channel,
859,,,,,,,,,,,,,,visible channel,
860,,,,,,,,,,,,,,visible channel,
861,,,,,,,,,,,,,,visible channel,
862,,,,,,,,,,,,,,visible channel,
863,,,,,,,,,,,,,,visible channel,
864,,,,,,,,,,,,,,visible channel,
865,,,,,,,,,,,,,,visible channel,
866,,,,,,,,,,,,,,visible channel,
867,,,,,,,,,,,,,,visible channel,
868,,,,,,,,,,,,,,visible channel,
869,,,,,,,,,,,,,,visible channel,
870,,,,,,,,,,,,,,visible channel,
871,,,,,,,,,,,,,,visible channel,
872,,,,,,,,,,,,,,visible channel,
873,,,,,,,,,,,,,,visible channel,
874,,,,,,,,,,,,,,visible channel,
875,,,,,,,,,,,,,,visible channel,
876,,,,,,,,,,,,,,visible channel,
877,,,,,,,,,,,,,,visible channel,
878,,,,,,,,,,,,,,visible channel,
879,,,,,,,,,,,,,,visible channel,
880,,,,,,,,,,,,,,visible channel,
881,,,,,,,,,,,,,,visible channel,
882,,,,,,,,,,,,,,visible channel,
883,,,,,,,,,,,,,,visible channel,
884,,,,,,,,,,,,,,visible channel,
885,,,,,,,,,,,,,,visible channel,
886,,,,,,,,,,,,,,visible channel,
887,,,,,,,,,,,,,,visible channel,
888,,,,,,,,,,,,,,visible channel,
889,,,,,,,,,,,,,,visible channel,
890,,,,,,,,,,,,,,visible channel,
891,,,,,,,,,,,,,,visible channel,
892,,,,,,,,,,,,,,visible channel,
893,,,,,,,,,,,,,,visible channel,
894,,,,,,,,,,,,,,visible channel,
895,,,,,,,,,,,,,,visible channel,
896,,,,,,,,,,,,,,visible channel,
897,,,,,,,,,,,,,,visible channel,
898,,,,,,,,,,,,,,visible channel,
899,,,,,,,,,,,,,,visible channel,
900,,,,,,,,,,,,,,visible channel,
901,,,,,,,,,,,,,,visible channel,
902,,,,,,,,,,,,,,visible channel,
903,,,,,,,,,,,,,,visible channel,
904,,,,,,,,,,,,,,visible channel,
905,,,,,,,,,,,,,,visible channel,
906,,,,,,,,,,,,,,visible channel,
907,,,,,,,,,,,,,,visible channel,
908,,,,,,,,,,,,,,visible channel,
909,,,,,,,,,,,,,,visible channel,
910,,,,,,,,,,,,,,visible channel,
911,,,,,,,,,,,,,,visible channel,
912,,,,,,,,,,,,,,visible channel,
913,,,,,,,,,,,,,,visible channel,
914,,,,,,,,,,,,,,visible channel,
915,,,,,,,,,,,,,,visible channel,
916,,,,,,,,,,,,,,visible channel,
917,,,,,,,,,,,,,,visible channel,
918,,,,,,,,,,,,,,visible channel,
919,,,,,,,,,,,,,,visible channel,
920,,,,,,,,,,,,,,visible channel,
921,,,,,,,,,,,,,,visible channel,
922,,,,,,,,,,,,,,visible channel,
923,,,,,,,,,,,,,,visible channel,
924,,,,,,,,,,,,,,visible channel,
925,,,,,,,,,,,,,,visible channel,
926,,,,,,,,,,,,,,visible channel,
927,,,,,,,,,,,,,,visible channel,
928,,,,,,,,,,,,,,visible channel,
929,,,,,,,,,,,,,,visible channel,
930,,,,,,,,,,,,,,visible channel,
931,,,,,,,,,,,,,,visible channel,
932,,,,,,,,,,,,,,visible channel,
933,,,,,,,,,,,,,,visible channel,
934,,,,,,,,,,,,,,visible channel,
935,,,,,,,,,,,,,,visible channel,
936,,,,,,,,,,,,,,visible channel,
937,,,,,,,,,,,,,,visible channel,
938,,,,,,,,,,,,,,visible channel,
939,,,,,,,,,,,,,,visible channel,
940,,,,,,,,,,,,,,visible channel,
941,,,,,,,,,,,,,,visible channel,
942,,,,,,,,,,,,,,visible channel,
943,,,,,,,,,,,,,,visible channel,
944,,,,,,,,,,,,,,visible channel,
945,,,,,,,,,,,,,,visible channel,
946,,,,,,,,,,,,,,visible channel,
947,,,,,,,,,,,,,,visible channel,
948,,,,,,,,,,,,,,visible channel,
949,,,,,,,,,,,,,,visible channel,
950,,,,,,,,,,,,,,visible channel,
951,,,,,,,,,,,,,,visible channel,
952,,,,,,,,,,,,,,visible channel,
953,,,,,,,,,,,,,,visible channel,
954,,,,,,,,,,,,,,visible channel,
955,,,,,,,,,,,,,,visible channel,
956,,,,,,,,,,,,,,visible channel,
957,,,,,,,,,,,,,,visible channel,
958,,,,,,,,,,,,,,visible channel,
959,,,,,,,,,,,,,,visible channel,
960,,,,,,,,,,,,,,visible channel,
961,,,,,,,,,,,,,,visible channel,
962,,,,,,,,,,,,,,visible channel,
963,,,,,,,,,,,,,,visible channel,
964,,,,,,,,,,,,,,visible channel,
965,,,,,,,,,,,,,,visible channel,
966,,,,,,,,,,,,,,visible channel,
967,,,,,,,,,,,,,,visible channel,
968,,,,,,,,,,,,,,visible channel,
969,,,,,,,,,,,,,,visible channel,
970,,,,,,,,,,,,,,visible channel,
971,,,,,,,,,,,,,,visible channel,
972,,,,,,,,,,,,,,visible channel,
973,,,,,,,,,,,,,,visible channel,
974,,,,,,,,,,,,,,visible channel,
975,,,,,,,,,,,,,,visible channel,
976,,,,,,,,,,,,,,visible channel,
977,,,,,,,,,,,,,,visible channel,
978,,,,,,,,,,,,,,visible channel,
979,,,,,,,,,,,,,,visible channel,
980,,,,,,,,,,,,,,visible channel,
981,,,,,,,,,,,,,,visible channel,
982,,,,,,,,,,,,,,visible channel,
983,,,,,,,,,,,,,,visible channel,
984,,,,,,,,,,,,,,visible channel,
985,,,,,,,,,,,,,,visible channel,
986,,,,,,,,,,,,,,visible channel,
987,,,,,,,,,,,,,,visible channel,
988,,,,,,,,,,,,,,visible channel,
989,,,,,,,,,,,,,,visible channel,
990,,,,,,,,,,,,,,visible channel,
991,,,,,,,,,,,,,,visible channel,
992,,,,,,,,,,,,,,visible channel,
993,,,,,,,,,,,,,,visible channel,
994,,,,,,,,,,,,,,visible channel,
995,,,,,,,,,,,,,,visible channel,
996,,,,,,,,,,,,,,visible channel,
997,,,,,,,,,,,,,,visible channel,
998,,,,,,,,,,,,,,visible channel,
999,,,,,,,,,,,,,,visible channel,
1000,,,,,,,,,,,,,,visible channel,
1001,,,,,,,,,,,,,,visible channel,
1002,,,,,,,,,,,,,,visible channel,
1003,,,,,,,,,,,,,,visible channel,
1004,,,,,,,,,,,,,,visible channel,
1005,,,,,,,,,,,,,,visible channel,
1006,,,,,,,,,,,,,,visible channel,
1007,,,,,,,,,,,,,,visible channel,
1008,,,,,,,,,,,,,,visible channel,
1009,,,,,,,,,,,,,,visible channel,
1010,,,,,,,,,,,,,,visible channel,
1011,,,,,,,,,,,,,,visible channel,
1012,,,,,,,,,,,,,,visible channel,
1013,,,,,,,,,,,,,,visible channel,
1014,,,,,,,,,,,,,,visible channel,
1015,,,,,,,,,,,,,,visible channel,
1016,,,,,,,,,,,,,,visible channel,
1017,,,,,,,,,,,,,,visible channel,
1018,,,,,,,,,,,,,,visible channel,
1019,,,,,,,,,,,,,,visible channel,
1020,,,,,,,,,,,,,,visible channel,
1021,,,,,,,,,,,,,,visible channel,
1022,,,,,,,,,,,,,,visible channel,
1023,,,,,,,,,,,,,,visible channel,
1024,,,,,,,,,,,,,,visible channel,
1025,,,,,,,,,,,,,,visible channel,
1026,,,,,,,,,,,,,,visible channel,
1027,,,,,,,,,,,,,,visible channel,
1028,,,,,,,,,,,,,,visible channel,
1029,,,,,,,,,,,,,,visible channel,
1030,,,,,,,,,,,,,,visible channel,
1031,,,,,,,,,,,,,,visible channel,
1032,,,,,,,,,,,,,,visible channel,
1033,,,,,,,,,,,,,,visible channel,
1034,,,,,,,,,,,,,,visible channel,
1035,,,,,,,,,,,,,,visible channel,
1036,,,,,,,,,,,,,,visible channel,
1037,,,,,,,,,,,,,,visible channel,
1038,,,,,,,,,,,,,,visible channel,
1039,,,,,,,,,,,,,,visible channel,
1040,,,,,,,,,,,,,,visible channel,
1041,,,,,,,,,,,,,,visible channel,
1042,,,,,,,,,,,,,,visible channel,
1043,,,,,,,,,,,,,,visible channel,
1044,,,,,,,,,,,,,,visible channel,
1045,,,,,,,,,,,,,,visible channel,
1046,,,,,,,,,,,,,,visible channel,
1047,,,,,,,,,,,,,,visible channel,
1048,,,,,,,,,,,,,,visible channel,
1049,,,,,,,,,,,,,,visible channel,
1050,,,,,,,,,,,,,,visible channel,
1051,,,,,,,,,,,,,,visible channel,
1052,,,,,,,,,,,,,,visible channel,
1053,,,,,,,,,,,,,,visible channel,
1054,,,,,,,,,,,,,,visible channel,
1055,,,,,,,,,,,,,,visible channel,
1056,,,,,,,,,,,,,,visible channel,
1057,,,,,,,,,,,,,,visible channel,
1058,,,,,,,,,,,,,,visible channel,
1059,,,,,,,,,,,,,,visible channel,
1060,,,,,,,,,,,,,,visible channel,
1061,,,,,,,,,,,,,,visible channel,
1062,,,,,,,,,,,,,,visible channel,
1063,,,,,,,,,,,,,,visible channel,
1064,,,,,,,,,,,,,,visible channel,
1065,,,,,,,,,,,,,,visible channel,
1066,,,,,,,,,,,,,,visible channel,
1067,,,,,,,,,,,,,,visible channel,
1068,,,,,,,,,,,,,,visible channel,
1069,,,,,,,,,,,,,,visible channel,
1070,,,,,,,,,,,,,,visible channel,
1071,,,,,,,,,,,,,,visible channel,
1072,,,,,,,,,,,,,,visible channel,
1073,,,,,,,,,,,,,,visible channel,
1074,,,,,,,,,,,,,,visible channel,
1075,,,,,,,,,,,,,,visible channel,
1076,,,,,,,,,,,,,,visible channel,
1077,,,,,,,,,,,,,,visible channel,
1078,,,,,,,,,,,,,,visible channel,
1079,,,,,,,,,,,,,,visible channel,
1080,,,,,,,,,,,,,,visible channel,
1081,,,,,,,,,,,,,,visible channel,
1082,,,,,,,,,,,,,,visible channel,
1083,,,,,,,,,,,,,,visible channel,
1084,,,,,,,,,,,,,,visible channel,
1085,,,,,,,,,,,,,,visible channel,
1086,,,,,,,,,,,,,,visible channel,
1087,,,,,,,,,,,,,,visible channel,
1088,,,,,,,,,,,,,,visible channel,
1089,,,,,,,,,,,,,,visible channel,
1090,,,,,,,,,,,,,,visible channel,
1091,,,,,,,,,,,,,,visible channel,
1092,,,,,,,,,,,,,,visible channel,
1093,,,,,,,,,,,,,,visible channel,
1094,,,,,,,,,,,,,,visible channel,
1095,,,,,,,,,,,,,,visible channel,
1096,,,,,,,,,,,,,,visible channel,
1097,,,,,,,,,,,,,,visible channel,
1098,,,,,,,,,,,,,,visible channel,
1099,,,,,,,,,,,,,,visible channel,
1100,,,,,,,,,,,,,,visible channel,
1101,,,,,,,,,,,,,,visible channel,
1102,,,,,,,,,,,,,,visible channel,
1103,,,,,,,,,,,,,,visible channel,
1104,,,,,,,,,,,,,,visible channel,
1105,,,,,,,,,,,,,,visible channel,
1106,,,,,,,,,,,,,,visible channel,
1107,,,,,,,,,,,,,,visible channel,
1108,,,,,,,,,,,,,,visible channel,
1109,,,,,,,,,,,,,,visible channel,
1110,,,,,,,,,,,,,,visible channel,
1111,,,,,,,,,,,,,,visible channel,
1112,,,,,,,,,,,,,,visible channel,
1113,,,,,,,,,,,,,,visible channel,
1114,,,,,,,,,,,,,,visible channel,
1115,,,,,,,,,,,,,,visible channel,
1116,,,,,,,,,,,,,,visible channel,
1117,,,,,,,,,,,,,,visible channel,
1118,,,,,,,,,,,,,,visible channel,
1119,,,,,,,,,,,,,,visible channel,
1120,,,,,,,,,,,,,,visible channel,
1121,,,,,,,,,,,,,,visible channel,
1122,,,,,,,,,,,,,,visible channel,
1123,,,,,,,,,,,,,,visible channel,
1124,,,,,,,,,,,,,,visible channel,
1125,,,,,,,,,,,,,,visible channel,
1126,,,,,,,,,,,,,,visible channel,
1127,,,,,,,,,,,,,,visible channel,
1128,,,,,,,,,,,,,,visible channel,
1129,,,,,,,,,,,,,,visible channel,
1130,,,,,,,,,,,,,,visible channel,
1131,,,,,,,,,,,,,,visible channel,
1132,,,,,,,,,,,,,,visible channel,
1133,,,,,,,,,,,,,,visible channel,
1134,,,,,,,,,,,,,,visible channel,
1135,,,,,,,,,,,,,,visible channel,
1136,,,,,,,,,,,,,,visible channel,
1137,,,,,,,,,,,,,,visible channel,
1138,,,,,,,,,,,,,,visible channel,
1139,,,,,,,,,,,,,,visible channel,
1140,,,,,,,,,,,,,,visible channel,
1141,,,,,,,,,,,,,,visible channel,
1142,,,,,,,,,,,,,,visible channel,
1143,,,,,,,,,,,,,,visible channel,
1144,,,,,,,,,,,,,,visible channel,
1145,,,,,,,,,,,,,,visible channel,
1146,,,,,,,,,,,,,,visible channel,
1147,,,,,,,,,,,,,,visible channel,
1148,,,,,,,,,,,,,,visible channel,
1149,,,,,,,,,,,,,,visible channel,
1150,,,,,,,,,,,,,,visible channel,
1151,,,,,,,,,,,,,,visible channel,
1152,,,,,,,,,,,,,,visible channel,
1153,,,,,,,,,,,,,,visible channel,
1154,,,,,,,,,,,,,,visible channel,
1155,,,,,,,,,,,,,,visible channel,
1156,,,,,,,,,,,,,,visible channel,
1157,,,,,,,,,,,,,,visible channel,
1158,,,,,,,,,,,,,,visible channel,
1159,,,,,,,,,,,,,,visible channel,
1160,,,,,,,,,,,,,,visible channel,
1161,,,,,,,,,,,,,,visible channel,
1162,,,,,,,,,,,,,,visible channel,
1163,,,,,,,,,,,,,,visible channel,
1164,,,,,,,,,,,,,,visible channel,
1165,,,,,,,,,,,,,,visible channel,
1166,,,,,,,,,,,,,,visible channel,
1167,,,,,,,,,,,,,,visible channel,
1168,,,,,,,,,,,,,,visible channel,
1169,,,,,,,,,,,,,,visible channel,
1170,,,,,,,,,,,,,,visible channel,
1171,,,,,,,,,,,,,,visible channel,
1172,,,,,,,,,,,,,,visible channel,
1173,,,,,,,,,,,,,,visible channel,
1174,,,,,,,,,,,,,,visible channel,
1175,,,,,,,,,,,,,,visible channel,
1176,,,,,,,,,,,,,,visible channel,
1177,,,,,,,,,,,,,,visible channel,
1178,,,,,,,,,,,,,,visible channel,
1179,,,,,,,,,,,,,,visible channel,
1180,,,,,,,,,,,,,,visible channel,
1181,,,,,,,,,,,,,,visible channel,
1182,,,,,,,,,,,,,,visible channel,
1183,,,,,,,,,,,,,,visible channel,
1184,,,,,,,,,,,,,,visible channel,
1185,,,,,,,,,,,,,,visible channel,
1186,,,,,,,,,,,,,,visible channel,
1187,,,,,,,,,,,,,,visible channel,
1188,,,,,,,,,,,,,,visible channel,
1189,,,,,,,,,,,,,,visible channel,
1190,,,,,,,,,,,,,,visible channel,
1191,,,,,,,,,,,,,,visible channel,
1192,,,,,,,,,,,,,,visible channel,
1193,,,,,,,,,,,,,,visible channel,
1194,,,,,,,,,,,,,,visible channel,
1195,,,,,,,,,,,,,,visible channel,
1196,,,,,,,,,,,,,,visible channel,
1197,,,,,,,,,,,,,,visible channel,
1198,,,,,,,,,,,,,,visible channel,
1199,,,,,,,,,,,,,,visible channel,
1200,,,,,,,,,,,,,,visible channel,
1201,,,,,,,,,,,,,,visible channel,
1202,,,,,,,,,,,,,,visible channel,
1203,,,,,,,,,,,,,,visible channel,
1204,,,,,,,,,,,,,,visible channel,
1205,,,,,,,,,,,,,,visible channel,
1206,,,,,,,,,,,,,,visible channel,
1207,,,,,,,,,,,,,,visible channel,
1208,,,,,,,,,,,,,,visible channel,
1209,,,,,,,,,,,,,,visible channel,
1210,,,,,,,,,,,,,,visible channel,
1211,,,,,,,,,,,,,,visible channel,
1212,,,,,,,,,,,,,,visible channel,
1213,,,,,,,,,,,,,,visible channel,
1214,,,,,,,,,,,,,,visible channel,
1215,,,,,,,,,,,,,,visible channel,
1216,,,,,,,,,,,,,,visible channel,
1217,,,,,,,,,,,,,,visible channel,
1218,,,,,,,,,,,,,,visible channel,
1219,,,,,,,,,,,,,,visible channel,
1220,,,,,,,,,,,,,,visible channel,
1221,,,,,,,,,,,,,,visible channel,
1222,,,,,,,,,,,,,,visible channel,
1223,,,,,,,,,,,,,,visible channel,
1224,,,,,,,,,,,,,,visible channel,
1225,,,,,,,,,,,,,,visible channel,
1226,,,,,,,,,,,,,,visible channel,
1227,,,,,,,,,,,,,,visible channel,
1228,,,,,,,,,,,,,,visible channel,
1229,,,,,,,,,,,,,,visible channel,
1230,,,,,,,,,,,,,,visible channel,
1231,,,,,,,,,,,,,,visible channel,
1232,,,,,,,,,,,,,,visible channel,
1233,,,,,,,,,,,,,,visible channel,
1234,,,,,,,,,,,,,,visible channel,
1235,,,,,,,,,,,,,,visible channel,
1236,,,,,,,,,,,,,,visible channel,
1237,,,,,,,,,,,,,,visible channel,
1238,,,,,,,,,,,,,,visible channel,
1239,,,,,,,,,,,,,,visible channel,
1240,,,,,,,,,,,,,,visible channel,
1241,,,,,,,,,,,,,,visible channel,
1242,,,,,,,,,,,,,,visible channel,
1243,,,,,,,,,,,,,,visible channel,
1244,,,,,,,,,,,,,,visible channel,
1245,,,,,,,,,,,,,,visible channel,
1246,,,,,,,,,,,,,,visible channel,
1247,,,,,,,,,,,,,,visible channel,
1248,,,,,,,,,,,,,,visible channel,
1249,,,,,,,,,,,,,,visible channel,
1250,,,,,,,,,,,,,,visible channel,
1251,,,,,,,,,,,,,,visible channel,
1252,,,,,,,,,,,,,,visible channel,
1253,,,,,,,,,,,,,,visible channel,
1254,,,,,,,,,,,,,,visible channel,
1255,,,,,,,,,,,,,,visible channel,
1256,,,,,,,,,,,,,,visible channel,
1257,,,,,,,,,,,,,,visible channel,
1258,,,,,,,,,,,,,,visible channel,
1259,,,,,,,,,,,,,,visible channel,
1260,,,,,,,,,,,,,,visible channel,
1261,,,,,,,,,,,,,,visible channel,
1262,,,,,,,,,,,,,,visible channel,
1263,,,,,,,,,,,,,,visible channel,
1264,,,,,,,,,,,,,,visible channel,
1265,,,,,,,,,,,,,,visible channel,
1266,,,,,,,,,,,,,,visible channel,
1267,,,,,,,,,,,,,,visible channel,
1268,,,,,,,,,,,,,,visible channel,
1269,,,,,,,,,,,,,,visible channel,
1270,,,,,,,,,,,,,,visible channel,
1271,,,,,,,,,,,,,,visible channel,
1272,,,,,,,,,,,,,,visible channel,
1273,,,,,,,,,,,,,,visible channel,
1274,,,,,,,,,,,,,,visible channel,
1275,,,,,,,,,,,,,,visible channel,
1276,,,,,,,,,,,,,,visible channel,
1277,,,,,,,,,,,,,,visible channel,
1278,,,,,,,,,,,,,,visible channel,
1279,,,,,,,,,,,,,,visible channel,
1280,,,,,,,,,,,,,,visible channel,
1281,,,,,,,,,,,,,,visible channel,
1282,,,,,,,,,,,,,,visible channel,
1283,,,,,,,,,,,,,,visible channel,
1284,,,,,,,,,,,,,,visible channel,
1285,,,,,,,,,,,,,,visible channel,
1286,,,,,,,,,,,,,,visible channel,
1287,,,,,,,,,,,,,,visible channel,
1288,,,,,,,,,,,,,,visible channel,
1289,,,,,,,,,,,,,,visible channel,
1290,,,,,,,,,,,,,,visible channel,
1291,,,,,,,,,,,,,,visible channel,
1292,,,,,,,,,,,,,,visible channel,
1293,,,,,,,,,,,,,,visible channel,
1294,,,,,,,,,,,,,,visible channel,
1295,,,,,,,,,,,,,,visible channel,
1296,,,,,,,,,,,,,,visible channel,
1297,,,,,,,,,,,,,,visible channel,
1298,,,,,,,,,,,,,,visible channel,
1299,,,,,,,,,,,,,,visible channel,
1300,,,,,,,,,,,,,,visible channel,
1301,,,,,,,,,,,,,,visible channel,
1302,,,,,,,,,,,,,,visible channel,
1303,,,,,,,,,,,,,,visible channel,
1304,,,,,,,,,,,,,,visible channel,
1305,,,,,,,,,,,,,,visible channel,
1306,,,,,,,,,,,,,,visible channel,
1307,,,,,,,,,,,,,,visible channel,
1308,,,,,,,,,,,,,,visible channel,
1309,,,,,,,,,,,,,,visible channel,
1310,,,,,,,,,,,,,,visible channel,
1311,,,,,,,,,,,,,,visible channel,
1312,,,,,,,,,,,,,,visible channel,
1313,,,,,,,,,,,,,,visible channel,
1314,,,,,,,,,,,,,,visible channel,
1315,,,,,,,,,,,,,,visible channel,
1316,,,,,,,,,,,,,,visible channel,
1317,,,,,,,,,,,,,,visible channel,
1318,,,,,,,,,,,,,,visible channel,
1319,,,,,,,,,,,,,,visible channel,
1320,,,,,,,,,,,,,,visible channel,
1321,,,,,,,,,,,,,,visible channel,
1322,,,,,,,,,,,,,,visible channel,
1323,,,,,,,,,,,,,,visible channel,
1324,,,,,,,,,,,,,,visible channel,
1325,,,,,,,,,,,,,,visible channel,
1326,,,,,,,,,,,,,,visible channel,
1327,,,,,,,,,,,,,,visible channel,
1328,,,,,,,,,,,,,,visible channel,
1329,,,,,,,,,,,,,,visible channel,
1330,,,,,,,,,,,,,,visible channel,
1331,,,,,,,,,,,,,,visible channel,
1332,,,,,,,,,,,,,,visible channel,
1333,,,,,,,,,,,,,,visible channel,
1334,,,,,,,,,,,,,,visible channel,
1335,,,,,,,,,,,,,,visible channel,
1336,,,,,,,,,,,,,,visible channel,
1337,,,,,,,,,,,,,,visible channel,
1338,,,,,,,,,,,,,,visible channel,
1339,,,,,,,,,,,,,,visible channel,
1340,,,,,,,,,,,,,,visible channel,
1341,,,,,,,,,,,,,,visible channel,
1342,,,,,,,,,,,,,,visible channel,
1343,,,,,,,,,,,,,,visible channel,
1344,,,,,,,,,,,,,,visible channel,
1345,,,,,,,,,,,,,,visible channel,
1346,,,,,,,,,,,,,,visible channel,
1347,,,,,,,,,,,,,,visible channel,
1348,,,,,,,,,,,,,,visible channel,
1349,,,,,,,,,,,,,,visible channel,
1350,,,,,,,,,,,,,,visible channel,
1351,,,,,,,,,,,,,,visible channel,
1352,,,,,,,,,,,,,,visible channel,
1353,,,,,,,,,,,,,,visible channel,
1354,,,,,,,,,,,,,,visible channel,
1355,,,,,,,,,,,,,,visible channel,
1356,,,,,,,,,,,,,,visible channel,
1357,,,,,,,,,,,,,,visible channel,
1358,,,,,,,,,,,,,,visible channel,
1359,,,,,,,,,,,,,,visible channel,
1360,,,,,,,,,,,,,,visible channel,
1361,,,,,,,,,,,,,,visible channel,
1362,,,,,,,,,,,,,,visible channel,
1363,,,,,,,,,,,,,,visible channel,
1364,,,,,,,,,,,,,,visible channel,
1365,,,,,,,,,,,,,,visible channel,
1366,,,,,,,,,,,,,,visible channel,
1367,,,,,,,,,,,,,,visible channel,
1368,,,,,,,,,,,,,,visible channel,
1369,,,,,,,,,,,,,,visible channel,
1370,,,,,,,,,,,,,,visible channel,
1371,,,,,,,,,,,,,,visible channel,
1372,,,,,,,,,,,,,,visible channel,
1373,,,,,,,,,,,,,,visible channel,
1374,,,,,,,,,,,,,,visible channel,
1375,,,,,,,,,,,,,,visible channel,
1376,,,,,,,,,,,,,,visible channel,
1377,,,,,,,,,,,,,,visible channel,
1378,,,,,,,,,,,,,,visible channel,
1379,,,,,,,,,,,,,,visible channel,
1380,,,,,,,,,,,,,,visible channel,
1381,,,,,,,,,,,,,,visible channel,
1382,,,,,,,,,,,,,,visible channel,
1383,,,,,,,,,,,,,,visible channel,
1384,,,,,,,,,,,,,,visible channel,
1385,,,,,,,,,,,,,,visible channel,
1386,,,,,,,,,,,,,,visible channel,
1387,,,,,,,,,,,,,,visible channel,
1388,,,,,,,,,,,,,,visible channel,
1389,,,,,,,,,,,,,,visible channel,
1390,,,,,,,,,,,,,,visible channel,
1391,,,,,,,,,,,,,,visible channel,
1392,,,,,,,,,,,,,,visible channel,
1393,,,,,,,,,,,,,,visible channel,
1394,,,,,,,,,,,,,,visible channel,
1395,,,,,,,,,,,,,,visible channel,
1396,,,,,,,,,,,,,,visible channel,
1397,,,,,,,,,,,,,,visible channel,
1398,,,,,,,,,,,,,,visible channel,
1399,,,,,,,,,,,,,,visible channel,
1400,,,,,,,,,,,,,,visible channel,
1401,,,,,,,,,,,,,,visible channel,
1402,,,,,,,,,,,,,,visible channel,
1403,,,,,,,,,,,,,,visible channel,
1404,,,,,,,,,,,,,,visible channel,
1405,,,,,,,,,,,,,,visible channel,
1406,,,,,,,,,,,,,,visible channel,
1407,,,,,,,,,,,,,,visible channel,
1408,,,,,,,,,,,,,,visible channel,
1409,,,,,,,,,,,,,,visible channel,
1410,,,,,,,,,,,,,,visible channel,
1411,,,,,,,,,,,,,,visible channel,
1412,,,,,,,,,,,,,,visible channel,
1413,,,,,,,,,,,,,,visible channel,
1414,,,,,,,,,,,,,,visible channel,
1415,,,,,,,,,,,,,,visible channel,
1416,,,,,,,,,,,,,,visible channel,
1417,,,,,,,,,,,,,,visible channel,
1418,,,,,,,,,,,,,,visible channel,
1419,,,,,,,,,,,,,,visible channel,
1420,,,,,,,,,,,,,,visible channel,
1421,,,,,,,,,,,,,,visible channel,
1422,,,,,,,,,,,,,,visible channel,
1423,,,,,,,,,,,,,,visible channel,
1424,,,,,,,,,,,,,,visible channel,
1425,,,,,,,,,,,,,,visible channel,
1426,,,,,,,,,,,,,,visible channel,
1427,,,,,,,,,,,,,,visible channel,
1428,,,,,,,,,,,,,,visible channel,
1429,,,,,,,,,,,,,,visible channel,
1430,,,,,,,,,,,,,,visible channel,
1431,,,,,,,,,,,,,,visible channel,
1432,,,,,,,,,,,,,,visible channel,
1433,,,,,,,,,,,,,,visible channel,
1434,,,,,,,,,,,,,,visible channel,
1435,,,,,,,,,,,,,,visible channel,
1436,,,,,,,,,,,,,,visible channel,
1437,,,,,,,,,,,,,,visible channel,
1438,,,,,,,,,,,,,,visible channel,
1439,,,,,,,,,,,,,,visible channel,
1440,,,,,,,,,,,,,,visible channel,
1441,,,,,,,,,,,,,,visible channel,
1442,,,,,,,,,,,,,,visible channel,
1443,,,,,,,,,,,,,,visible channel,
1444,,,,,,,,,,,,,,visible channel,
1445,,,,,,,,,,,,,,visible channel,
1446,,,,,,,,,,,,,,visible channel,
1447,,,,,,,,,,,,,,visible channel,
1448,,,,,,,,,,,,,,visible channel,
1449,,,,,,,,,,,,,,visible channel,
1450,,,,,,,,,,,,,,visible channel,
1451,,,,,,,,,,,,,,visible channel,
1452,,,,,,,,,,,,,,visible channel,
1453,,,,,,,,,,,,,,visible channel,
1454,,,,,,,,,,,,,,visible channel,
1455,,,,,,,,,,,,,,visible channel,
1456,,,,,,,,,,,,,,visible channel,
1457,,,,,,,,,,,,,,visible channel,
1458,,,,,,,,,,,,,,visible channel,
1459,,,,,,,,,,,,,,visible channel,
1460,,,,,,,,,,,,,,visible channel,
1461,,,,,,,,,,,,,,visible channel,
1462,,,,,,,,,,,,,,visible channel,
1463,,,,,,,,,,,,,,visible channel,
1464,,,,,,,,,,,,,,visible channel,
1465,,,,,,,,,,,,,,visible channel,
1466,,,,,,,,,,,,,,visible channel,
1467,,,,,,,,,,,,,,visible channel,
1468,,,,,,,,,,,,,,visible channel,
1469,,,,,,,,,,,,,,visible channel,
1470,,,,,,,,,,,,,,visible channel,
1471,,,,,,,,,,,,,,visible channel,
1472,,,,,,,,,,,,,,visible channel,
1473,,,,,,,,,,,,,,visible channel,
1474,,,,,,,,,,,,,,visible channel,
1475,,,,,,,,,,,,,,visible channel,
1476,,,,,,,,,,,,,,visible channel,
1477,,,,,,,,,,,,,,visible channel,
1478,,,,,,,,,,,,,,visible channel,
1479,,,,,,,,,,,,,,visible channel,
1480,,,,,,,,,,,,,,visible channel,
1481,,,,,,,,,,,,,,visible channel,
1482,,,,,,,,,,,,,,visible channel,
1483,,,,,,,,,,,,,,visible channel,
1484,,,,,,,,,,,,,,visible channel,
1485,,,,,,,,,,,,,,visible channel,
1486,,,,,,,,,,,,,,visible channel,
1487,,,,,,,,,,,,,,visible channel,
1488,,,,,,,,,,,,,,visible channel,
1489,,,,,,,,,,,,,,visible channel,
1490,,,,,,,,,,,,,,visible channel,
1491,,,,,,,,,,,,,,visible channel,
1492,,,,,,,,,,,,,,visible channel,
1493,,,,,,,,,,,,,,visible channel,
1494,,,,,,,,,,,,,,visible channel,
1495,,,,,,,,,,,,,,visible channel,
1496,,,,,,,,,,,,,,visible channel,
1497,,,,,,,,,,,,,,visible channel,
1498,,,,,,,,,,,,,,visible channel,
1499,,,,,,,,,,,,,,visible channel,
1500,,,,,,,,,,,,,,visible channel,
